epoch,loss,lr,output_loss,output_mean_absolute_error,output_mean_error,val_loss,val_output_loss,val_output_mean_absolute_error,val_output_mean_error,val_variance_output_loss,variance_output_loss
0,0.2695920755480232,0.0005,0.2695797025421244,0.7270860523877744,0.015600019630914676,0.023084830078813765,0.023072146862331364,0.5842699176735349,-0.019770020101633336,0.023072146862331364,0.2695797025421244
1,-0.009860087609410699,0.0005,-0.009872969513212492,0.5359044926252193,0.007655285170558327,-0.020333110665281613,-0.02034613997158077,0.4879109511772792,-0.06392548471275303,-0.02034613997158077,-0.009872969513212492
2,-0.04440082129387988,0.0005,-0.044413949206783744,0.49654313297328834,-0.00025043128515610437,-0.07549617298516548,-0.07550943042669031,0.46935584644476575,-0.027289890684187412,-0.07550943042669031,-0.044413949206783744
3,-0.06659801175377282,0.0005,-0.06661138922801453,0.45259756224597997,-0.008897460712688769,-0.035495169176202684,-0.03550864973415931,0.45168743365340763,-0.06056466026024686,-0.03550864973415931,-0.06661138922801453
4,-0.07725300316344723,0.0005,-0.07726662466581354,0.43275810911983786,-0.006536160428411589,-0.12986113793320125,-0.12987487390637398,0.4010777523120244,-0.001736684443636073,-0.12987487390637398,-0.07726662466581354
5,-0.11350270554013439,0.0005,-0.11351653092546378,0.4083789472808381,0.0012412886051628403,-0.11613265856997007,-0.11614656489756373,0.3935177293088701,-0.009798665013578203,-0.11614656489756373,-0.11351653092546378
6,-0.11543175532130705,0.0005,-0.11544574987879413,0.3985813342168659,-0.0020532168721233658,-0.14516783526374233,-0.14518193010654715,0.3930851270755132,-0.020811449425915878,-0.14518193010654715,-0.11544574987879413
7,-0.1308535273412722,0.0005,-0.13086772513224515,0.38773853461185614,0.010312999852425503,-0.13003601961665684,-0.130050300517016,0.3917686724000507,-0.03813908471622401,-0.130050300517016,-0.13086772513224515
8,-0.13217826813116423,0.0005,-0.13219263252919305,0.3860623932884125,-0.0022650932123561107,-0.1478271387103531,-0.14784159547545844,0.37052708864212036,0.0056300256918701864,-0.14784159547545844,-0.13219263252919305
9,-0.13647108352828483,0.0005,-0.1364856239040187,0.3800253041847023,0.002894753227735351,-0.12900939169857237,-0.12902401263515154,0.38623571230305564,-0.04413428336071471,-0.12902401263515154,-0.1364856239040187
10,-0.1385776761941567,0.0005,-0.1385923678635391,0.37697826941570123,0.0029203007025588416,-0.14258306411405405,-0.142597833648324,0.3601797040965822,-0.02168726579596599,-0.142597833648324,-0.1385923678635391
11,-0.14762629540065517,0.0005,-0.14764114172604983,0.37040746390462637,0.006285391906889791,-0.13407656974676582,-0.13409150122768349,0.3570316599475013,-0.02272145791600148,-0.13409150122768349,-0.14764114172604983
12,-0.15730484701974687,0.00025,-0.1573197969129521,0.36610757251699527,0.0021413830778154426,-0.17924252731932533,-0.17925749801927143,0.36019336846139693,-0.006522805481735203,-0.17925749801927143,-0.1573197969129521
13,-0.15596349242918506,0.00025,-0.15597848701262904,0.36986415686007745,0.006434535758268691,-0.1548144868057635,-0.15482950821104977,0.35427166355980766,-0.002602599509474304,-0.15482950821104977,-0.15597848701262904
14,-0.15642031212960822,0.00025,-0.15643536385349527,0.36500062235815084,0.0057696357374999695,-0.1771867490477032,-0.17720181991656622,0.3531542652183109,-0.00548475401269065,-0.17720181991656622,-0.15643536385349527
15,-0.156392360448037,0.00025,-0.15640746233259847,0.3672519260180924,0.004288923829057795,-0.1774146120943543,-0.1774297340048684,0.35272304382589126,-0.0030778086899469295,-0.1774297340048684,-0.15640746233259847
16,-0.16726234503938053,0.000125,-0.16727748159653769,0.3607373198349319,0.009404357045911207,-0.1713402865247594,-0.17135543728040326,0.35432209571202594,-0.0036693731995506417,-0.17135543728040326,-0.16727748159653769
17,-0.16527541364354226,0.000125,-0.16529056919504426,0.36230587102695855,0.00429289529802735,-0.17431809028817546,-0.17433325511713824,0.35277653899457717,-0.015006012697186735,-0.17433325511713824,-0.16529056919504426
18,-0.16933587470655134,6.25e-05,-0.1693510451315049,0.35871795141054486,0.006808840494022934,-0.17129560083978707,-0.1713107708427641,0.34819940725962323,-0.0007912923788858785,-0.1713107708427641,-0.1693510451315049
19,-0.16545435923714927,6.25e-05,-0.16546953507436962,0.3606907264915055,0.008952055806795993,-0.18584611960169342,-0.18586129964225823,0.36009663177861106,-0.021530587277892563,-0.18586129964225823,-0.16546953507436962
20,-0.17462286827207438,6.25e-05,-0.17463804991123918,0.3581907181682701,0.008961276664303805,-0.1677567994532486,-0.16777198244300154,0.35076748496956295,0.003081585164181888,-0.16777198244300154,-0.17463804991123918
21,-0.17060994340558563,6.25e-05,-0.17062513004363833,0.3559207411226398,0.009718046654684993,-0.17400925523704952,-0.1740244444873598,0.355594159828292,-0.0033684057804445424,-0.1740244444873598,-0.17062513004363833
22,-0.1678988487894708,6.25e-05,-0.16791404282930725,0.36441332423044537,0.0011492449940812444,-0.1900945792440325,-0.1901097788165013,0.35753554933600956,-0.014259748574760225,-0.1901097788165013,-0.16791404282930725
23,-0.18033881226699508,6.25e-05,-0.18035401178601973,0.3566774352938829,0.005928434304681099,-0.17671081718678275,-0.17672601776818433,0.3541162378258175,-0.012508683139458299,-0.17672601776818433,-0.18035401178601973
24,-0.1655718917565624,6.25e-05,-0.16558710124321327,0.3574815831498472,0.007853115024881627,-0.1740299412049353,-0.1740451521343655,0.3531453510125478,0.014009256640242206,-0.1740451521343655,-0.16558710124321327
25,-0.17949776714221535,6.25e-05,-0.17951297842546138,0.3547926902057168,0.012404608360385734,-0.16855369021909106,-0.16856890378726852,0.3571779992845323,0.0030443468648526403,-0.16856890378726852,-0.17951297842546138
26,-0.16685852594115955,3.125e-05,-0.1668737392850265,0.3608388695531263,0.004364144338662931,-0.2089887046151691,-0.20900391538937887,0.3486010779937108,-0.004316192068573501,-0.20900391538937887,-0.1668737392850265
27,-0.17706704098720125,3.125e-05,-0.17708225372041056,0.3594390519721779,0.003581548115227394,-0.19566584300223944,-0.19568105455901888,0.34669313828150433,-0.0050989483586615985,-0.19568105455901888,-0.17708225372041056
28,-0.17737691601024505,3.125e-05,-0.177392135937503,0.35583440896993623,0.0023753224414756555,-0.1773829046999001,-0.1773981253306071,0.3549698111083772,-0.010264885948143072,-0.1773981253306071,-0.177392135937503
29,-0.1705073749557316,3.125e-05,-0.1705225967093856,0.3553715953213012,0.009193322668688561,-0.15837040771212843,-0.15838563131789365,0.3537633667389552,-0.004845167794782255,-0.15838563131789365,-0.1705225967093856
30,-0.18080525779483203,1.5625e-05,-0.18082047991097688,0.35636228144525767,0.0025754174228735313,-0.18294448643508884,-0.18295970890257093,0.3498564577764935,-0.0005655564471251435,-0.18295970890257093,-0.18082047991097688
31,-0.16569734926608776,1.5625e-05,-0.1657125729855574,0.3559835082042717,0.006689221734839107,-0.15454130314497483,-0.15455652897556624,0.3572475678390927,-0.007313308202558094,-0.15455652897556624,-0.1657125729855574
32,-0.18753305592429184,7.8125e-06,-0.18754827726386977,0.3587319071064452,0.004645619836976071,-0.1701427311119106,-0.17015795554551813,0.3566199408637153,-0.011511534452438354,-0.17015795554551813,-0.18754827726386977
33,-0.17021057817424107,7.8125e-06,-0.1702258023851646,0.3553571852738272,0.009308550060687665,-0.18322391187151274,-0.1832391344424751,0.3527558197577794,-0.0005622563573221365,-0.1832391344424751,-0.1702258023851646
34,-0.17687365296715035,3.90625e-06,-0.1768888786189749,0.3588351121919598,0.004467658938360429,-0.20396951296263272,-0.2039847421563334,0.3505972276131312,-0.0038727520344158015,-0.2039847421563334,-0.1768888786189749
35,-0.17569925306883535,3.90625e-06,-0.17571448197331793,0.35802717640728293,0.0033811544162962964,-0.19058275491827065,-0.19059798452589247,0.3516744044091966,0.0038112133948339354,-0.19059798452589247,-0.17571448197331793
36,-0.17867918717633086,1.953125e-06,-0.1786944166461597,0.35560612532193075,0.0072401647182728,-0.19204824790358543,-0.1920634773042467,0.3511152085330751,-0.003694619828214248,-0.1920634773042467,-0.1786944166461597
37,-0.17756612267635183,1.953125e-06,-0.17758135210923448,0.35674165198189056,0.00511460997788849,-0.17123795217937893,-0.1712531815800402,0.35342482063505387,-0.00749900931906369,-0.1712531815800402,-0.17758135210923448
38,-0.17768124047064496,9.765625e-07,-0.17769646982545267,0.35498966410488425,0.008955313737677065,-0.17516975994739267,-0.17518498934805393,0.3550049430794186,-0.008498737148733603,-0.17518498934805393,-0.17769646982545267
39,-0.1752216435835033,9.765625e-07,-0.1752368729160039,0.35921803687860865,0.0031085670814141185,-0.1813889036162032,-0.1814041328099039,0.3518080976274278,-0.006960989648683203,-0.1814041328099039,-0.1752368729160039
40,-0.16988848602489157,4.882813e-07,-0.16990371557052977,0.35851628819625536,0.0034159574417876983,-0.17619605217542914,-0.17621128199001154,0.354556346933047,-0.009876176249235868,-0.17621128199001154,-0.16990371557052977
41,-0.17974706231700088,4.882813e-07,-0.17976229173872998,0.3544959140394976,0.005995405313675989,-0.18008782114419672,-0.18010305075181854,0.3543490353557799,-0.004837655151883761,-0.18010305075181854,-0.17976229173872998
42,-0.18252764134054367,2.4414064e-07,-0.1825428705684796,0.3558311326775008,0.004838418438584504,-0.17018907786243492,-0.17020430767701733,0.3535465846459071,-0.010141536076035764,-0.17020430767701733,-0.1825428705684796
43,-0.17049484863364234,2.4414064e-07,-0.17051007814459992,0.357227456248449,0.007073925041264581,-0.18277157781024775,-0.18278680700394842,0.34728532201713985,-0.007643942617707782,-0.18278680700394842,-0.17051007814459992
44,-0.17694168813897138,1.2207032e-07,-0.17695691751059658,0.3566793388949183,0.007017784206821265,-0.17345551484160954,-0.1734707442422708,0.3510315749380324,-0.002939727053874069,-0.1734707442422708,-0.17695691751059658
45,-0.18000721051406485,1.2207032e-07,-0.1800224399584496,0.35758648732465187,0.007282953636865773,-0.16616122383210394,-0.1661764532327652,0.3638305647505654,-0.01384942994142572,-0.1661764532327652,-0.1800224399584496
46,-0.17736301797408677,6.103516e-08,-0.17737824743624755,0.3561531847822452,0.0070456407886154634,-0.17311153353916275,-0.17312676293982399,0.34967752628856236,-0.004067619124220477,-0.17312676293982399,-0.17737824743624755
47,-0.17105374799227108,6.103516e-08,-0.17106897755341974,0.3564425091186683,0.00537898796359579,-0.17709196803884375,-0.1771071975429853,0.34785990913709003,-0.005688941623601649,-0.1771071975429853,-0.17106897755341974
48,-0.1730832316672909,3.051758e-08,-0.17309846115594138,0.35921190420310656,0.005817578280132687,-0.17421943859921563,-0.17423466799987686,0.3536173750956853,-0.008558504490388764,-0.17423466799987686,-0.17309846115594138
49,-0.17978578962631034,3.051758e-08,-0.17980101910938404,0.35804251889268796,0.005561493493304281,-0.17591480331288445,-0.17593003229962456,0.3459104465113746,-0.0009518345921403832,-0.17593003229962456,-0.17980101910938404
50,-0.18036790253192989,1.525879e-08,-0.18038313198990807,0.35570025194190935,0.006666249386453165,-0.1863295168368495,-0.18634474670721424,0.34666220512655044,-0.0002417991248269876,-0.18634474670721424,-0.18038313198990807
51,-0.16986586340817394,1.525879e-08,-0.16988109278598587,0.3570067841492727,0.007682313350681773,-0.17927981980351937,-0.17929504946288136,0.347010162141588,-0.00815940441356765,-0.17929504946288136,-0.16988109278598587
52,-0.178159693160431,1e-08,-0.17817492257736758,0.35507665779776204,0.00806478756301462,-0.16865342834757435,-0.16866865774823558,0.35096797347068787,-0.001882045529782772,-0.16866865774823558,-0.17817492257736758
53,-0.1857241858842554,1e-08,-0.18573941529064836,0.35692675331395546,0.005713743283162396,-0.16923979436978698,-0.16925502402914894,0.35658958388699424,0.002425991412666109,-0.16925502402914894,-0.18573941529064836
54,-0.17043488488872788,1e-08,-0.1704501142937266,0.3569765751233358,0.008127075672975022,-0.18092134822573927,-0.18093657762640053,0.35493329995208317,0.00019801816799574427,-0.18093657762640053,-0.1704501142937266
55,-0.18049448993458542,1e-08,-0.1805097192949699,0.3560320783161118,0.007211810875750944,-0.17385150119662285,-0.1738667305972841,0.3519658231072956,-0.002431495115160942,-0.1738667305972841,-0.1805097192949699
56,-0.1761565372664314,1e-08,-0.17617176667212725,0.3591448926997042,0.0036554171558759526,-0.18775843523649705,-0.18777366448193789,0.3538394918044408,-0.010241871337509818,-0.18777366448193789,-0.17617176667212725
57,-0.17840049755243684,1e-08,-0.17841572693164298,0.35635300881848364,0.007762806890197768,-0.1627293710480444,-0.1627446007138739,0.3516625165939331,-0.009507727809250355,-0.1627446007138739,-0.17841572693164298
58,-0.17471755884342385,1e-08,-0.17473278821496194,0.3565432300824605,0.0037307756294881157,-0.17689992984135947,-0.17691515944898129,0.3474785586198171,-0.0016071104651523961,-0.17691515944898129,-0.17473278821496194
59,-0.1760701042806317,1e-08,-0.17608533374697505,0.3572694857320386,0.007879846193967107,-0.2041250802576542,-0.2041403092443943,0.3437857727209727,-0.0021182591509487894,-0.2041403092443943,-0.17608533374697505
60,-0.1828644759503394,1e-08,-0.18287970528876532,0.35705617284346486,0.004938282041871797,-0.17205899022519588,-0.1720742198328177,0.35560040175914764,-0.019002161920070648,-0.1720742198328177,-0.18287970528876532
61,-0.1797581588247133,1e-08,-0.1797733881516371,0.35793208736859394,0.009130401737586467,-0.17952658312343475,-0.1795418125887712,0.34904736446009743,-0.006530230218130682,-0.1795418125887712,-0.1797733881516371
62,-0.17333862307052056,1e-08,-0.17335385255917105,0.3537423512535895,0.004985946208283216,-0.14459942570990986,-0.14461465573145282,0.3600266956620746,-0.00857122120861378,-0.14461465573145282,-0.17335385255917105
63,-0.17124880673391688,1e-08,-0.1712640361514634,0.358372547312411,0.0059138518872442185,-0.16428370546135637,-0.1642989350689782,0.3554088489876853,-0.014658904789636532,-0.1642989350689782,-0.1712640361514634
64,-0.17660616672720514,1e-08,-0.17662139614475167,0.3571171107406388,0.007314162370665166,-0.17294424362221938,-0.17295947350147697,0.34573012590408325,-0.00511995739200049,-0.17295947350147697,-0.17662139614475167
65,-0.17401189839294526,1e-08,-0.17402712787741315,0.35639313309492465,0.0032672825559393734,-0.1655079086518122,-0.1655231381042136,0.35303930441538495,-0.012954183543721834,-0.1655231381042136,-0.17402712787741315
66,-0.1799754888867725,1e-08,-0.17999071827504093,0.3554543506599472,0.006011439499885825,-0.1960405670106411,-0.19605579661826292,0.348028591937489,-0.00523879593755636,-0.19605579661826292,-0.17999071827504093
67,-0.17751436177947877,1e-08,-0.17752959133086804,0.3581725105554044,0.0030268556661457715,-0.19664366936518085,-0.1966588987658421,0.348453336291843,-0.005062025143868393,-0.1966588987658421,-0.17752959133086804
68,-0.17343098991466854,1e-08,-0.17344621940331903,0.35931418969959555,0.00878068598399976,-0.1773407734516594,-0.1773560026453601,0.35495862861474353,-0.013574922767778238,-0.1773560026453601,-0.17344621940331903
69,-0.17430378174866568,1e-08,-0.17431901114251086,0.3591274520951117,0.004601742034989917,-0.15646212817066246,-0.15647735788176456,0.3592076583041085,-0.010750563284899626,-0.15647735788176456,-0.17431901114251086
70,-0.1800408190113498,1e-08,-0.1800560484902409,0.35515071139364185,0.005513995332353397,-0.18583990136782327,-0.18585513076848453,0.35565749638610417,-0.01615606129376425,-0.18585513076848453,-0.1800560484902409
71,-0.17032592584696893,1e-08,-0.1703411552519677,0.36183152762715687,0.004493424783232148,-0.17968284856114122,-0.17969807796180248,0.35221416420406765,-0.003936084194315804,-0.17969807796180248,-0.1703411552519677
72,-0.18285800674288885,1e-08,-0.1828732362663942,0.35208153920973134,0.008234469610416961,-0.1917844619601965,-0.19179969115389717,0.3491850627793206,-0.007402264616555638,-0.19179969115389717,-0.1828732362663942
73,-0.17685320005266966,1e-08,-0.1768684294967059,0.3582549955316646,0.007084747904655105,-0.1782175658477677,-0.17823279555886984,0.35657259656323326,-0.007546908946500884,-0.17823279555886984,-0.1768684294967059
74,-0.17596832208103963,1e-08,-0.17598355161081888,0.3608503396996481,0.0044606913154398254,-0.1542888233024213,-0.15430405342744458,0.35737476083967423,-0.021722992312990956,-0.15430405342744458,-0.17598355161081888
75,-0.17341370155430444,1e-08,-0.1734289309333363,0.35716415183272904,0.004434188646626865,-0.20160004786319202,-0.20161527705689272,0.3465668261051178,-0.008542169506351152,-0.20161527705689272,-0.1734289309333363
76,-0.17788410070770516,1e-08,-0.17789933008482,0.35587820589185476,0.005559475568240275,-0.17112185309330621,-0.17113708270092806,0.35258860886096954,-0.009866841266759567,-0.17113708270092806,-0.17789933008482
77,-0.17940011113034393,1e-08,-0.1794153404405374,0.354713719583557,0.003760034529336109,-0.2003132605718242,-0.2003284895585643,0.3501970950100157,-0.009742239257320762,-0.2003284895585643,-0.1794153404405374
78,-0.16721301109733583,1e-08,-0.16722824070937262,0.35940428997228246,0.0011756775264968415,-0.19810377061367035,-0.19811899960041046,0.35775983664724564,-0.015320053168882927,-0.19811899960041046,-0.16722824070937262
79,-0.18137295905522957,1e-08,-0.18138818836542303,0.35653577843112144,0.0057784239399040534,-0.20206677085823482,-0.20208200046585667,0.3431267903910743,0.0019845357164740562,-0.20208200046585667,-0.18138818836542303
80,-0.17962114432893558,1e-08,-0.1796363738705655,0.35702079677296256,0.005326967744970928,-0.17736334539949894,-0.1773785748001602,0.35270143548647565,-0.007411188135544459,-0.1773785748001602,-0.1796363738705655
81,-0.17586738108183275,1e-08,-0.17588261040875655,0.3541436564779567,0.011844561530087522,-0.1830544445870651,-0.18306967409120667,0.3511322918865416,-0.011509531022359928,-0.18306967409120667,-0.17588261040875655
82,-0.17569318044551474,1e-08,-0.17570840977801533,0.35561559532216924,0.004834048799936197,-0.18814323366516167,-0.1881584632727835,0.34639254046810997,0.0028356831106874677,-0.1881584632727835,-0.17570840977801533
83,-0.17824132393569472,1e-08,-0.17825655345832872,0.3557576226617048,0.006311568137380981,-0.16674973436683002,-0.16676496466000876,0.3558579236268997,-0.006582672216205133,-0.16676496466000876,-0.17825655345832872
84,-0.17387774914452905,1e-08,-0.173892978679188,0.357269427733507,0.007754535258128615,-0.16708051340861452,-0.16709574280927578,0.3532088879081938,-0.011323009255445667,-0.16709574280927578,-0.173892978679188
85,-0.17554577713233452,1e-08,-0.17556100667169885,0.35604248075428124,0.005848999659413706,-0.18499761136869589,-0.18501284056239659,0.34859056108527714,-0.00804240277243985,-0.18501284056239659,-0.17556100667169885
86,-0.1783880194046808,1e-08,-0.17840324890448483,0.3559353331962745,0.009267699631477545,-0.17231599924465021,-0.1723312284383509,0.34953922364446854,-0.0045321391662582755,-0.1723312284383509,-0.17840324890448483
87,-0.18410122410176757,1e-08,-0.1841164535736877,0.3553379154847768,0.007181249026342959,-0.17379878751105732,-0.17381401711867916,0.3562125547064675,-0.009127691853791475,-0.17381401711867916,-0.1841164535736877
88,-0.17217985131292643,1e-08,-0.17219508075696266,0.35897090495703465,0.0036559543477560946,-0.1769301618138949,-0.1769453916284773,0.35380487309561837,-0.010285086050215695,-0.1769453916284773,-0.17219508075696266
89,-0.1726332080374823,1e-08,-0.17264843745502884,0.35686181780107007,0.00780195136788764,-0.19146724376413557,-0.19148247316479683,0.33974751664532554,0.001122628597335683,-0.19148247316479683,-0.17264843745502884
90,-0.17440161809414448,1e-08,-0.17441684760510207,0.3584211202795634,0.0013554873374363263,-0.18911169008869264,-0.18912691938587362,0.34786541759967804,-0.02085347959978713,-0.18912691938587362,-0.17441684760510207
91,-0.17838181198775366,1e-08,-0.1783970414945287,0.3560648712212454,0.005479140725812156,-0.197966439028581,-0.1979816680153211,0.34994124207231736,-0.010408151429146528,-0.1979816680153211,-0.1783970414945287
92,-0.17624864618942765,1e-08,-0.1762638754339632,0.3566997263602868,0.005607617539381553,-0.1781023538981875,-0.17811758340232903,0.3505634135670132,-0.00782168661761615,-0.17811758340232903,-0.1762638754339632
93,-0.17505431932001236,1e-08,-0.17506954870270397,0.3566063801328579,0.006703739520162344,-0.17054448018057478,-0.17055970958123604,0.348751758535703,0.0002348583915995227,-0.17055970958123604,-0.17506954870270397
94,-0.17885803716036933,1e-08,-0.1788732665228451,0.3575879383586838,0.008030929987480541,-0.197930793174439,-0.19794602236813968,0.3522506141000324,0.0006006494060986572,-0.19794602236813968,-0.1788732665228451
95,-0.17314487680776078,1e-08,-0.17316010623367248,0.35809689189145666,0.004272093309067235,-0.17833488594947589,-0.17835011519491673,0.34538985954390633,0.005403657547301716,-0.17835011519491673,-0.17316010623367248
96,-0.1829320946917451,1e-08,-0.18294732412044518,0.3565228672441608,0.002340579834839184,-0.1600248184469011,-0.16004004805452293,0.35736579365200466,-0.01885983772161934,-0.16004004805452293,-0.18294732412044518
97,-0.1713684257175662,1e-08,-0.17138365508910425,0.35397213965119,0.011871807385949854,-0.20949080255296496,-0.20950603153970507,0.3497164133522246,-0.001853081863373518,-0.20950603153970507,-0.17138365508910425
98,-0.17310037662158023,1e-08,-0.17311560610186555,0.3611134210389531,0.004179291220794538,-0.21530833233717,-0.2153235615955459,0.34519297546810573,0.0011787644794417752,-0.2153235615955459,-0.17311560610186555
99,-0.1813551635330844,1e-08,-0.18137039302173488,0.35592843904466687,0.006165606558077528,-0.1670814087200496,-0.16709663863811228,0.3572918292548921,-0.004891121190869146,-0.16709663863811228,-0.18137039302173488
100,-0.17579101724828966,1e-08,-0.17580624682059187,0.35630991644488125,0.006984248185742223,-0.17979453002206153,-0.1798097597849038,0.34720538059870404,-0.008025700329906411,-0.1798097597849038,-0.17580624682059187
101,-0.17829076451678832,1e-08,-0.1783059941950494,0.35677801349205884,0.001923735433364075,-0.2031349233455128,-0.20315015233225292,0.3482963906394111,-0.010710026034050517,-0.20315015233225292,-0.1783059941950494
102,-0.17561570490838704,1e-08,-0.17563093468145338,0.3541792552628203,0.008970647743585225,-0.17860572153909338,-0.17862095114671522,0.3507463269763523,-0.009764890186488628,-0.17862095114671522,-0.17563093468145338
103,-0.1763495876269783,1e-08,-0.17636481697063247,0.35641432611528273,0.008006721815863947,-0.19391917582187387,-0.19393440501557457,0.3552553918626573,-0.00028584607773356966,-0.19393440501557457,-0.17636481697063247
104,-0.17267191623446315,1e-08,-0.17268714574193525,0.35740534916609346,0.006737222121944818,-0.1733856224325589,-0.17340085194963548,0.35222211314572227,-0.011433595118837224,-0.17340085194963548,-0.17268714574193525
105,-0.1799729331703243,1e-08,-0.17998816246936422,0.35646985908468326,0.006163931474045008,-0.17907070078783566,-0.17908592977457577,0.3546455552180608,0.003930829361908966,-0.17908592977457577,-0.17998816246936422
106,-0.17380843810112534,1e-08,-0.17382366745593306,0.3576731796036223,0.0075984263463603876,-0.17758858416022527,-0.17760381371610695,0.35118655694855583,-0.005662401465492116,-0.17760381371610695,-0.17382366745593306
107,-0.1808912690302279,1e-08,-0.18090649855931004,0.3541614134868462,0.009147838449585223,-0.1726778234458632,-0.17269305305348503,0.3583451078997718,-0.019647976228346426,-0.17269305305348503,-0.18090649855931004
108,-0.17900413003175736,1e-08,-0.17901935951483106,0.35562876205958294,0.0044638675855037694,-0.15766852473219237,-0.15768375413285363,0.35796354876624215,-0.016196688326696556,-0.15768375413285363,-0.17901935951483106
109,-0.16885476979332234,1e-08,-0.16886999930985674,0.36198915175335133,0.002507591210194155,-0.1816990396214856,-0.1817142686082257,0.34765391382906174,-0.01290318669958247,-0.1817142686082257,-0.16886999930985674
110,-0.18030502074425983,1e-08,-0.18032025001541582,0.3568776726365803,0.005464631889829646,-0.16887304678352344,-0.16888827628766498,0.3575705505079693,-0.008734890104581913,-0.16888827628766498,-0.18032025001541582
111,-0.1716877923996751,1e-08,-0.17170302201798576,0.3569015107468931,0.003859409810082909,-0.19178733985043234,-0.19180256914761332,0.34150880244043136,-0.004417961670292748,-0.19180256914761332,-0.17170302201798576
112,-0.17994982085865505,1e-08,-0.17996505031105645,0.3555467719446399,0.009393255390829133,-0.19528843648731709,-0.19530366568101776,0.35038407146930695,-0.011404568277713325,-0.19530366568101776,-0.17996505031105645
113,-0.1765594010514592,1e-08,-0.17657463048434185,0.3571653471378509,0.0067712943917307665,-0.19948312112440666,-0.19949835083550876,0.3471939116716385,-0.004645877672980229,-0.19949835083550876,-0.17657463048434185
114,-0.17454531025364547,1e-08,-0.17456053984825481,0.35576142914994746,0.006376125947377104,-0.19751008517212337,-0.19752531415886349,0.34120304385821026,0.002768995395551125,-0.19752531415886349,-0.17456053984825481
115,-0.17985940527611463,1e-08,-0.179874634671354,0.3592827225516656,0.0017960592393322797,-0.1745650383333365,-0.17458026732007662,0.3525172124306361,-0.008038235000438161,-0.17458026732007662,-0.179874634671354
116,-0.16534743301882715,1e-08,-0.1653626623401742,0.3573293484256653,0.010110007309003504,-0.17834106294645202,-0.17835629193319213,0.3474755353397793,-0.0026111461015211213,-0.17835629193319213,-0.1653626623401742
117,-0.18394764880496384,1e-08,-0.18396287840863546,0.35753203366331,0.002297422380192194,-0.19470282333592573,-0.19471805252962643,0.348541216717826,-0.013048733481102519,-0.19471805252962643,-0.18396287840863546
118,-0.16723641403886078,1e-08,-0.16725164357416644,0.35698792945125146,0.010766917728110701,-0.20954278908256027,-0.20955801837974125,0.3523790174060398,-0.007338790223002434,-0.20955801837974125,-0.16725164357416644
119,-0.18853332195430994,1e-08,-0.1885485512589266,0.3517869050631266,0.007417914747611849,-0.19644120884024435,-0.1964564381374253,0.3508080459303326,-0.013352725292659469,-0.1964564381374253,-0.1885485512589266
120,-0.1753996144087907,1e-08,-0.17541484412051248,0.3554917968318848,0.005079002518340678,-0.18776550428527924,-0.18778073353072008,0.35343963735633427,-0.01746697485860851,-0.18778073353072008,-0.17541484412051248
121,-0.1739911085064732,1e-08,-0.17400633793569611,0.35913250314261386,0.006240407745270226,-0.16251328504747814,-0.1625285144481394,0.3550042294793659,-0.016645918496780925,-0.1625285144481394,-0.17400633793569611
122,-0.17447914767028863,1e-08,-0.17449437733181936,0.35796906973073583,0.0067909225266605255,-0.172610857976704,-0.17262608806292215,0.3540434108840095,-0.00437921652984288,-0.17262608806292215,-0.17449437733181936
123,-0.1729382696410942,1e-08,-0.17295349892340378,0.35823478491720323,0.006445334019685934,-0.18003314102275503,-0.1800483705268966,0.34703050057093304,-0.0016048569232225418,-0.1800483705268966,-0.17295349892340378
124,-0.17773852961188083,1e-08,-0.17775375903500412,0.35499532012168517,0.007152423733137102,-0.16884179775499636,-0.1688570272591379,0.3512989580631256,-0.004693535363508595,-0.1688570272591379,-0.17775375903500412
125,-0.17980558099504002,1e-08,-0.1798208104781137,0.3574349248480654,0.008183705534027544,-0.19415008628533947,-0.1941653158929613,0.3537229912148582,-0.004561285255476832,-0.1941653158929613,-0.1798208104781137
126,-0.17522309087063492,1e-08,-0.1752383205091614,0.35680840079655907,0.006215986020550756,-0.15899788086406058,-0.15901311073038313,0.3575085981024636,-0.010994991649770074,-0.15901311073038313,-0.1752383205091614
127,-0.17809707871610356,1e-08,-0.1781123080876416,0.35702466054590876,0.0057753976518120954,-0.18449074185142914,-0.18450597135557067,0.345813372068935,-0.017112260580890708,-0.18450597135557067,-0.1781123080876416
128,-0.17804630301491228,1e-08,-0.17806153244779496,0.35486241140051517,0.008323748685241102,-0.19155525053954786,-0.19157047983672884,0.3459732515944375,-0.007528834251893891,-0.19157047983672884,-0.17806153244779496
129,-0.17993111012107554,1e-08,-0.17994633972265583,0.3566412169062449,0.0027567921513078097,-0.18273619945264524,-0.18275142874982622,0.3399678005112542,0.00048021855764091015,-0.18275142874982622,-0.17994633972265583
130,-0.169136125198426,1e-08,-0.16915135479303534,0.3572006652098216,0.007359983421817511,-0.19329611656980383,-0.19331134607394537,0.35283442669444615,-0.009208969927082459,-0.19331134607394537,-0.16915135479303534
131,-0.17523430197494116,1e-08,-0.1752495313855167,0.36018367584593997,0.002705098255286495,-0.18850096646282408,-0.18851619565652478,0.35140393177668255,-0.0034982795413169595,-0.18851619565652478,-0.1752495313855167
132,-0.17679834048456128,1e-08,-0.17681356992371783,0.3551294691191462,0.005141324896231561,-0.17943798440198103,-0.17945321359568173,0.34479783806535935,-9.367656376626757e-06,-0.17945321359568173,-0.17681356992371783
133,-0.17833855645982047,1e-08,-0.1783537859052509,0.35327621509215074,0.009231492263560523,-0.18511048652645615,-0.1851257160305977,0.344008915954166,-0.002126550819310877,-0.1851257160305977,-0.1783537859052509
134,-0.17701363262896772,1e-08,-0.17702886204564286,0.35967351665753805,0.0022781210753531336,-0.16336759614447752,-0.16338282575209936,0.34265149798658157,0.0017652230647703011,-0.16338282575209936,-0.17702886204564286
135,-0.17737871088355245,1e-08,-0.17739394039451006,0.35882961839259025,0.004329419990410348,-0.18610379337850544,-0.18611902288264698,0.3494764500194126,-0.016020735518799886,-0.18611902288264698,-0.17739394039451006
136,-0.17404986650217869,1e-08,-0.17406509585767807,0.35449701958073826,0.011942834672824797,-0.17318578276576269,-0.1732010120112035,0.35608048737049103,-0.010154017454220189,-0.1732010120112035,-0.17406509585767807
137,-0.17606005794786944,1e-08,-0.17607528752017165,0.3589590637983676,0.004288414353783616,-0.2038330337446597,-0.2038482634557618,0.34751728508207536,-0.004958715755492449,-0.2038482634557618,-0.17607528752017165
138,-0.1819398478774945,1e-08,-0.18195507732292493,0.35364157425429293,0.006482624624504479,-0.18506351169586802,-0.18507874094777638,0.34827161994245315,0.0027748471281180778,-0.18507874094777638,-0.18195507732292493
139,-0.17503024009753487,1e-08,-0.17504546955272465,0.3599059133829471,0.00635170212439345,-0.17183704777724212,-0.17185227697094282,0.3521990146901872,-0.008959923146499528,-0.17185227697094282,-0.17504546955272465
140,-0.17472959998270085,1e-08,-0.17474482946856293,0.35536168435376564,0.006396628930205535,-0.17495466623869207,-0.1749698958463139,0.3509048885769314,-0.011021095586733686,-0.1749698958463139,-0.17474482946856293
141,-0.17367711287231635,1e-08,-0.1736923424348592,0.3582557518325166,0.006577558558947312,-0.17382387734121746,-0.1738391069488393,0.3547726157638762,-0.006214794806308216,-0.1738391069488393,-0.1736923424348592
142,-0.1757192288777752,1e-08,-0.17573445841313123,0.3559836474007475,0.0061754820991062115,-0.16866172627649373,-0.16867695655673742,0.3533085154162513,-0.003046965847412745,-0.16867695655673742,-0.17573445841313123
143,-0.17849339984781193,1e-08,-0.17850862935319275,0.35820284039674405,0.004866818515416569,-0.15681497788884574,-0.1568302075482077,0.3595549497339461,-0.011161358406146368,-0.1568302075482077,-0.17850862935319275
144,-0.1687347554116549,1e-08,-0.16874998496722676,0.3563994736728554,0.008084622030508911,-0.17016289321084818,-0.17017812261150944,0.3559815552499559,-0.02137165195826027,-0.17017812261150944,-0.16874998496722676
145,-0.17940480500727357,1e-08,-0.17942003438438842,0.35408873847144806,0.0041697837083327196,-0.19666727211895502,-0.1966825013773309,0.34520014458232456,-0.005443284598489602,-0.1966825013773309,-0.17942003438438842
146,-0.18096932176009803,1e-08,-0.18098455098663976,0.3558956275800031,0.005363480070840099,-0.18070843319098154,-0.1807236625916428,0.3588944805992974,-0.008576805237680674,-0.1807236625916428,-0.18098455098663976
147,-0.1754133987009057,1e-08,-0.17542862823556463,0.35868136450915994,0.010225573788859887,-0.17210275012378892,-0.17211797957619032,0.35083840787410736,-0.017202404275950458,-0.17211797957619032,-0.17542862823556463
148,-0.17293849056949115,1e-08,-0.17295372028260708,0.35505843572987766,0.006597052774431106,-0.18634157783041397,-0.1863568073345555,0.34969651533497703,-0.011331101775997214,-0.1863568073345555,-0.17295372028260708
149,-0.18387559596672207,1e-08,-0.18389082524903164,0.3548106128227211,0.005714805361753453,-0.1743314700304634,-0.17434669953460494,0.35396473275290596,-0.0029119771077401107,-0.17434669953460494,-0.18389082524903164
150,-0.17406798324625783,1e-08,-0.17408321275860963,0.35840082204270507,0.005151065855571431,-0.17412252444773912,-0.17413775426232153,0.3528032170401679,-0.00574365566070709,-0.17413775426232153,-0.17408321275860963
151,-0.17862654886554236,1e-08,-0.17864177853404406,0.356988743393721,0.006682452853088696,-0.17352728131744596,-0.17354250864850151,0.35253674619727665,-0.012644970298020376,-0.17354250864850151,-0.17864177853404406
152,-0.17603660449608713,1e-08,-0.1760518339958912,0.35491615533828735,0.010799234376071457,-0.18384190431485573,-0.18385713381899726,0.351200638545884,0.00048783085205488734,-0.18385713381899726,-0.1760518339958912
153,-0.17678091047097466,1e-08,-0.17679613978116812,0.357384926901606,0.006507132163349383,-0.2019986714521009,-0.20201390071047676,0.35108665294117397,-0.018179698976584606,-0.20201390071047676,-0.17679613978116812
154,-0.16617104351375195,1e-08,-0.1661862731426062,0.36065620915618485,0.0012256750993118314,-0.18256879328853554,-0.1825840226891968,0.3547755993074841,-0.014282011840906408,-0.1825840226891968,-0.1661862731426062
155,-0.18072806832849042,1e-08,-0.18074329784084223,0.35597427787181146,0.004962176003655095,-0.1668192603521877,-0.1668344893389278,0.3573441389534209,-0.0037850632539225947,-0.1668344893389278,-0.18074329784084223
156,-0.18015392492162788,1e-08,-0.1801691543377802,0.3583836510866702,0.008855621156165611,-0.15666785091161728,-0.15668308031227854,0.35198475751611924,-0.010129899252206087,-0.15668308031227854,-0.1801691543377802
157,-0.16996554205818715,1e-08,-0.1699807716165474,0.35752197029347904,0.004973736053477683,-0.1782438645346297,-0.1782590937283304,0.35605226788255906,-0.01362875285041001,-0.1782590937283304,-0.1699807716165474
158,-0.18391184411764502,1e-08,-0.18392707358956514,0.35361499540106267,0.00754168076847797,-0.19666234590113163,-0.1966775750948323,0.3442390163739522,0.007487242446384496,-0.1966775750948323,-0.18392707358956514
159,-0.17673433409769557,1e-08,-0.1767495636588442,0.35842101927288994,0.0030640882891630698,-0.18275918325202334,-0.18277441275616488,0.35784345699681175,-0.01210320728003151,-0.18277441275616488,-0.1767495636588442
160,-0.17772590598191865,1e-08,-0.17774113530884245,0.35828390307055263,0.0065333659057979455,-0.18011825614505345,-0.18013348533875412,0.3565264493227005,-0.0104580232873559,-0.18013348533875412,-0.17774113530884245
161,-0.1772774119197787,1e-08,-0.1772926415868862,0.3561802117410534,0.009803418634727062,-0.18838800793875837,-0.18840323719713423,0.35321125553713906,-0.007823118474334478,-0.18840323719713423,-0.1772926415868862
162,-0.17453531328585936,1e-08,-0.17455054280866764,0.3576624520167619,0.002109295571457126,-0.19144013596491682,-0.19145536567601892,0.352483073870341,-0.02088729799207714,-0.19145536567601892,-0.17455054280866764
163,-0.1772468446567097,1e-08,-0.17726207411329367,0.35639581209171317,0.007138889196501699,-0.16278834159796438,-0.16280357167124748,0.3524978243642383,-0.008536409069266584,-0.16280357167124748,-0.17726207411329367
164,-0.1827806451185021,1e-08,-0.1827958746963811,0.3558117822258772,0.007102265552489343,-0.19006820975078476,-0.19008343894448546,0.3486885213189655,-0.012287749132762352,-0.19008343894448546,-0.1827958746963811
165,-0.17231080459129666,1e-08,-0.1723260340353329,0.3578369412236585,0.009757264302541575,-0.1967300157994032,-0.19674524499310386,0.3442838241656621,-0.009851104243555002,-0.19674524499310386,-0.1723260340353329
166,-0.178662298039483,1e-08,-0.1786775275852955,0.3593585815972197,0.0036957333963029758,-0.18135312996390793,-0.1813683592610889,0.3518020229207145,-0.007654584685547484,-0.1813683592610889,-0.1786775275852955
167,-0.17116232859779396,1e-08,-0.17117755829417955,0.35600099146009206,0.00831604261274734,-0.17927955401440462,-0.1792947832081053,0.35557293395201367,-0.01340572806333916,-0.1792947832081053,-0.17117755829417955
168,-0.17913044689566143,1e-08,-0.17914567641289292,0.35575062143588493,0.0077512875968913835,-0.1829470107331872,-0.18296224023732874,0.34555436339643264,-0.011000913205660053,-0.18296224023732874,-0.17914567641289292
169,-0.17539592755924976,1e-08,-0.17541115704232346,0.35730646898646556,0.009087574523232297,-0.18972021931161484,-0.1897354486087958,0.35371364818678963,-0.01583093513424198,-0.1897354486087958,-0.17541115704232346
170,-0.176119463294145,1e-08,-0.17613469283960895,0.356224027222502,0.006155521536390938,-0.1738989936808745,-0.1739142226676146,0.3501494311624103,0.00013694177485174604,-0.1739142226676146,-0.17613469283960895
171,-0.1743732682501752,1e-08,-0.17438849792285951,0.3579192502412967,0.007598904860735742,-0.17882677452224824,-0.17884200381942922,0.35278469655248856,-0.01352718066320651,-0.17884200381942922,-0.17438849792285951
172,-0.17687254987899662,1e-08,-0.17688777916758003,0.3589847096782958,0.007038035817600474,-0.16997680926902425,-0.16999203898012638,0.35064153538809884,-0.0030375904817548064,-0.16999203898012638,-0.17688777916758003
173,-0.1789692289803824,1e-08,-0.17898445845230254,0.3516415544969593,0.009283472251280874,-0.1603214821467797,-0.16033671175440153,0.3574441687928306,-0.020910610030922625,-0.16033671175440153,-0.17898445845230254
174,-0.1806004766171274,1e-08,-0.18061570607371139,0.35737769493085897,0.004975740195525264,-0.17852944270190266,-0.1785446722060442,0.35012514226966435,-0.005636736336681578,-0.1785446722060442,-0.18061570607371139
175,-0.16856341174954248,1e-08,-0.16857864136645895,0.359040617050525,2.407723156634919e-05,-0.20553272066495587,-0.20554795033401912,0.34942223959498936,-0.0018642124099036057,-0.20554795033401912,-0.16857864136645895
176,-0.1797318578332462,1e-08,-0.17974708716156418,0.355159958857976,0.007980373774482283,-0.17086852243584064,-0.17088375199172232,0.3450878775782055,-0.004186333467562993,-0.17088375199172232,-0.17974708716156418
177,-0.16812261806181938,1e-08,-0.1681378476633997,0.3597379064488554,0.0030287907676336294,-0.1674401844955153,-0.16745541410313713,0.3543692347076204,-0.006198299686527914,-0.16745541410313713,-0.1681378476633997
178,-0.18331256154143882,1e-08,-0.18332779089624654,0.3556024298339547,0.006899601885836995,-0.1764544883949889,-0.1764697175886896,0.36052146553993225,-0.01844672703494628,-0.1764697175886896,-0.18332779089624654
179,-0.1738830871275671,1e-08,-0.17389831657404314,0.3582021881363349,0.005044888543288508,-0.16322346983684433,-0.16323869965142673,0.36038581199116176,-0.007292878503600757,-0.16323869965142673,-0.17389831657404314
180,-0.17899060744268006,1e-08,-0.17900583687835112,0.3581841052649264,0.009379933551957686,-0.1608373947545058,-0.1608526243103875,0.3593643738163842,-0.01288511391936077,-0.1608526243103875,-0.17900583687835112
181,-0.17950611122644056,1e-08,-0.1795213406314393,0.35563292171426875,0.007650449039682211,-0.16273159564783177,-0.1627468251519733,0.35248429079850513,-0.010922368201944564,-0.1627468251519733,-0.1795213406314393
182,-0.17001435870561235,1e-08,-0.170029588266761,0.3581481888265667,0.0050179255250729846,-0.1745333792641759,-0.17454860856135687,0.35429440273178947,-0.008469497189960547,-0.17454860856135687,-0.170029588266761
183,-0.1738064388401561,1e-08,-0.17382166825770262,0.35521039134727983,0.003263194822221102,-0.15501470656858551,-0.15502993555532563,0.35643424259291756,-0.012423737491998408,-0.15502993555532563,-0.17382166825770262
184,-0.18537814204698194,1e-08,-0.18539337153563243,0.35596255021180934,0.011039736789433721,-0.18474484818418407,-0.18476007744255993,0.3506808231274287,-0.011729252421193652,-0.18476007744255993,-0.18539337153563243
185,-0.1661556592572921,1e-08,-0.16617088886200934,0.3606553907522898,0.003908922198691411,-0.18516854195493376,-0.18518377152375048,0.35342126588026684,-0.010348948624192012,-0.18518377152375048,-0.16617088886200934
186,-0.1739801665165735,1e-08,-0.17399539604426145,0.3573292645508658,0.008767924639591557,-0.16187056371321282,-0.16188579342431492,0.3530539274215698,-0.0010165172732538646,-0.16188579342431492,-0.17399539604426145
187,-0.17819696639610097,1e-08,-0.178212195913681,0.35627340699384313,0.006308648144145925,-0.18554861181312138,-0.1855638407998615,0.35035564336511826,-0.0017833908916347558,-0.1855638407998615,-0.178212195913681
188,-0.1777821662929885,1e-08,-0.17779739568578803,0.3563825689746948,0.005844611649451677,-0.1821142185686363,-0.18212944807277787,0.3483499073319965,-0.002317120786756277,-0.18212944807277787,-0.17779739568578803
189,-0.18012892318789117,1e-08,-0.1801441525315453,0.355429250501587,0.005528394509285332,-0.15227312811960778,-0.15228835741678873,0.35831064648098415,-0.002105263320522176,-0.15228835741678873,-0.1801441525315453
190,-0.1746655748878232,1e-08,-0.17468080433185942,0.3543211214556665,0.007765421353860529,-0.17058859144647917,-0.17060382126106155,0.3556042081779904,-0.015209371948407756,-0.17060382126106155,-0.17468080433185942
191,-0.1792687426047946,1e-08,-0.17928397211575223,0.3572223646912032,0.008403536849683094,-0.18509685962150493,-0.1851120889186859,0.3539169629414876,-0.01174976464567913,-0.1851120889186859,-0.17928397211575223
192,-0.16790705267758205,1e-08,-0.16792228237954443,0.35965703436714447,0.003489820637968843,-0.18631303838143745,-0.186328267885579,0.34452878104315865,0.0021407331029574075,-0.186328267885579,-0.16792228237954443
193,-0.18347036670583222,1e-08,-0.18348559605593454,0.35601817348046216,0.006925471260875999,-0.19641621240104237,-0.1964314416464832,0.349724347392718,-0.0027291703607059186,-0.1964314416464832,-0.18348559605593454
194,-0.17901850943342074,1e-08,-0.1790337388342369,0.35797718898978775,0.006622388953354187,-0.2101737235983213,-0.2101889525850614,0.34669700761636096,0.0070665878398964805,-0.2101889525850614,-0.1790337388342369
195,-0.1778024435322174,1e-08,-0.17781767290375547,0.35453413632101644,0.010026568739290188,-0.19610430186407435,-0.1961195311612553,0.34853970011075336,-0.00684543667982022,-0.1961195311612553,-0.17781767290375547
196,-0.17057046431401177,1e-08,-0.17058569384727648,0.3596662688041162,0.0033808109980678846,-0.16806821318136322,-0.16808344258202446,0.3542854968044493,-0.008512148737079568,-0.16808344258202446,-0.17058569384727648
197,-0.1773790900238572,1e-08,-0.17739431950414253,0.3579086008186112,0.0075945948406741645,-0.15121765144997174,-0.15123288105759355,0.35783684584829545,-0.00749762961640954,-0.15123288105759355,-0.17739431950414253
198,-0.17708365963304884,1e-08,-0.17709888909625526,0.3545764631140018,0.006271977202052217,-0.16049895394179556,-0.1605141834459371,0.35830214785204995,-0.0034286626614630222,-0.1605141834459371,-0.17709888909625526
199,-0.17673714905398658,1e-08,-0.17675237856738404,0.3580686267978417,0.009762977662602227,-0.1785170817747712,-0.1785323110719522,0.348494581050343,-0.003657948173996475,-0.1785323110719522,-0.17675237856738404
